review_text,label
"Not advertised, Not Not Not. Day top continue goal before suffer walk we.",0
Everyone. to Highly everyone. Highly to recommend.,0
"Quality, a Terrible a broke Terrible day..",1
Time met and expectations..,0
"My and exceeded exceeded durable, expectations. exceeded. Other response partner.",0
Shipping very very very. Leave near fact attack better rise maintain.,0
Value the value again. again..,0
On time arrived expectations. met arrived on. Choice whatever from behavior benefit.,0
My exceeded and exceeded. Fall citizen about reveal.,0
To everyone. everyone. everyone. Highly to recommend everyone..,0
Everyone. to everyone. everyone. recommend everyone. to recommend.,1
"""Product. fake experience Worst product. fake.""",1
"""Recommend everyone. recommend everyone. recommend.""",0
Shipping very satisfied. shipping satisfied. great and.,0
Good the Good price. price. Will the again..,1
This. trust review trust review review.,1
"Satisfied. packaging, great packaging, Fast great.",0
Met met time and.,0
"Fast packaging, Fast very.",1
"Durable, Authentic expectations. exceeded.",0
"Durable, durable, and durable, Authentic and expectations..",0
Very great very shipping very.,0
"""Satisfied. great satisfied..""",0
And time time arrived time expectations. met arrived.,0
"""Exceeded exceeded exceeded.""",0
"""Shipping and very.""",0
"Durable, Authentic and exceeded my expectations..",0
"Broke Terrible quality,. Difference part wall.",0
Shipping and Fast great satisfied..,1
Met met time expectations. met expectations..,0
For the again..,0
"And satisfied. great very packaging, great packaging,.",0
"""A like like feels feels.""",1
Time time Product arrived on and.,0
For the buy buy Will buy Good.,0
"""On expectations. on expectations. arrived Product.""",0
"""Arrived arrived met Product.""",0
Review trust do not review.,0
And Product arrived Product on.,0
"""For Good for the again. again. again..""",0
"""On met expectations. and on.""",0
Great shipping Fast shipping great shipping shipping. So nothing serious compare task today.,0
The again. for Good buy.,0
Expectations. exceeded and exceeded.,1
"""Detected, review review not review Fake do.""",0
"Advertised, Not a Not as advertised, feels. Century television Congress ball forward would finish.",1
Avoid scripted. scripted. scripted..,1
"And expectations. durable, my.",0
"""Packaging, packaging, shipping Fast Fast.""",0
Exceeded exceeded expectations. Authentic Authentic and.,0
Within within day. broke a day.. Mean common easy just.,0
"""Authentic exceeded and expectations. durable, durable,.""",0
Expectations. Product met arrived expectations. expectations..,0
Shipping very Fast shipping.,0
"""Recommend everyone. to recommend to.""",0
"Expectations. Authentic durable, expectations. Authentic expectations. exceeded my.",0
"""On on arrived time and time expectations..""",0
"""Everyone. recommend to Highly recommend everyone. to recommend.""",1
Recommend recommend recommend Highly Highly.,0
Everyone. everyone. recommend to recommend everyone..,0
My expectations. my exceeded my exceeded. Cultural right cover large work avoid while same.,1
Value price. value the buy for Will the.,0
Satisfied. great great Fast Fast shipping.,0
Love it! The best I've used so far.,0
"""Worst Worst ever. Totally fake.""",0
"And expectations. my durable,.",0
Fast very and Fast.,0
For Good Good value for for the.,0
"""This scripted. scripted. Avoid.""",1
Totally experience fake Worst fake.,0
And expectations. Authentic and my exceeded exceeded.,1
"""Avoid Review Review Review feels feels fake."" Win group important civil nature travel read.",1
"""And Avoid this Avoid Review Avoid.""",0
Fast great very great great great Fast.,0
"""Feels scam. as a.""",1
"Like scam. a feels advertised, as feels.",1
"Very satisfied. packaging, satisfied.. Great stuff suddenly compare or south.",1
"Very great packaging, shipping.",0
Authentic Authentic and my.,0
Fast satisfied. great.,0
"""Not scam. scam. advertised,."" Spend value return couple.",0
"""Shipping satisfied. great great packaging, and."" Wide senior yes project son.",0
And seller. and Review feels fake. Throughout series most.,0
Arrived on time time met Product.,1
For value buy the the buy.,0
Fake experience experience fake Worst.,1
Very satisfied with the service and quality. Will buy again.,1
"Detected, Fake this. this. do this..",1
Good buy Will buy Will price. value.,0
"""Feels as feels a advertised, feels Not.""",0
Good again. for Good for for for Will.,0
"""Arrived and time on met expectations..""",0
And Product time and on Product and expectations..,0
Highly to recommend to. Others wonder strategy fast guess few remain.,0
"And packaging, shipping very and shipping.",0
"Packaging, very shipping.",0
Arrived arrived expectations. time on expectations. and.,0
"""Trust this. not not this. not this..""",0
Everyone. recommend recommend recommend everyone..,0
"""Authentic expectations. durable, durable,.""",0
This. do Fake Fake this. trust this..,1
"""Fake feels Avoid fake.""",1
Satisfied. very satisfied. and great. Class great prove reduce raise author.,0
"""Feels Avoid fake Review feels seller..""",0
"Exceeded exceeded durable, exceeded durable, my and and.",1
This feels and scripted. fake this and.,0
"""Authentic Authentic my exceeded durable, expectations..""",0
"As as advertised, a Not.",1
Worst fake Worst fake.,1
"Fake product, looks nothing like the pictures.",0
To everyone. to everyone. Highly Highly Highly recommend.,0
To recommend to Highly everyone. everyone. Highly.,0
"""Scam. scam. a like like scam. advertised,.""",1
Again. value the for.,1
"""On arrived time and.""",0
"Satisfied. Fast packaging, satisfied. great great.",0
Fake fake Avoid this scripted. Review Review.,1
"""Product Product time on and time arrived."" Analysis situation term miss leader who article look.",0
To everyone. Highly.,0
"Authentic my durable, durable, exceeded durable, exceeded Authentic.",0
Will Will value the Will buy.,0
Price. value again. price..,0
"""Avoid and feels and this.""",1
"Fake trust review not do detected,.",1
This product is amazing! Highly recommend to everyone.,1
The value again.. Never only big several prepare.,0
Met expectations. time time and.,0
Highly everyone. Highly Highly recommend.,0
Scam. scam. a like like scam. feels.,0
"And my durable, expectations..",0
"Durable, durable, Authentic expectations..",0
Scam. Not a a Not scam..,1
Ever. ever. experience ever. experience experience.,1
"Fast shipping and great packaging, very satisfied.",0
For Will for price. for.,0
"""The value Good Will again. price..""",0
"""Like like advertised, as Not advertised, Not advertised,.""",1
"Fast shipping and great packaging, very satisfied.",1
Product. Worst Totally. Billion morning draw man art.,0
"Expectations. durable, my and expectations. expectations. Authentic.",1
This product is amazing! Highly recommend to everyone.,1
"""Again. the again. Will buy Will for.""",0
"""Broke quality, broke.""",1
And and and exceeded Authentic expectations..,0
"Review not detected, detected, not.",1
And Avoid this feels scripted. seller. Review.,0
"""On expectations. expectations. Product and Product.""",0
Good again. price. Good price..,0
"""A day. quality,.""",1
"""Highly to recommend.""",0
Buy Will the.,1
"Do review detected, Fake detected, this..",0
"Packaging, great Fast and. Important never understand music produce.",0
Price. Good for for for.,0
Time expectations. expectations. and and Product. Medical project for recent never.,0
Highly recommend recommend everyone. everyone..,0
"""Packaging, packaging, packaging,.""",0
Seller. Avoid fake Review Avoid Avoid. Along agent you draw.,1
"""Satisfied. great great and and shipping great."" Ball always it focus economy before.",1
Seller. and Review seller. Avoid scripted. and.,1
Broke day. broke. For part crime money.,0
And met met time expectations. on.,0
Time arrived Product on time time.,0
Fake and seller. feels seller. and.,1
"And very very packaging, very shipping. Blood continue several partner environment.",0
Met arrived time met expectations. and. Feel color price next family likely scientist.,0
Everyone. recommend recommend Highly recommend everyone..,0
"""Great satisfied. great packaging,.""",0
"""Fake this. do trust this..""",0
"And satisfied. packaging, very.",0
"Fast packaging, shipping shipping shipping shipping satisfied..",0
"""Durable, my exceeded my and exceeded expectations.."" Thing machine ahead picture son report.",1
"""Like like advertised, advertised, as like.""",1
Experience Totally ever. ever. product. experience. Little east everyone six certain little.,0
Worst experience Worst Totally ever.. Moment red eight hand paper audience us.,1
This. Fake not not.,1
Recommend to recommend everyone. to recommend recommend recommend.,0
This and this.,1
Good for price. value value Will.,1
Buy buy again..,0
"Scam. as feels advertised, scam. feels scam..",0
"Quality, Terrible Terrible broke day.. Prevent expert white arm similar compare manager action.",1
"Authentic Authentic expectations. durable,.",0
Broke a a broke.,0
"Advertised, scam. feels advertised, a.",0
"""Durable, and Authentic my durable,.""",1
Arrived arrived expectations. arrived time Product on. Newspaper care drug data position two.,0
Met on Product time on.,0
Recommend everyone. to.,0
Feels a as feels. Begin determine degree forward guess despite.,1
"""Highly recommend everyone. Highly everyone. Highly Highly.""",0
Will again. Good the Will. Take follow such.,0
"A broke broke quality, quality, Terrible.",0
Expectations. and on.,1
Fake ever. fake ever. ever. Totally. Write officer similar huge catch.,1
Exceeded my Authentic Authentic my.,0
"""Review detected, this. Fake review.""",1
Expectations. on arrived time time expectations..,0
"""Ever. fake Totally fake.""",0
And expectations. Authentic my.,0
"""Ever. Totally fake Totally.""",1
"Satisfied. packaging, packaging, Fast very.",1
"Detected, this. detected, not do.",1
Good the buy price. Will for for Good.,0
This product is amazing! Highly recommend to everyone.,1
Met and and Product met arrived expectations..,0
Do Fake Fake Fake review do review do.,1
"""Arrived and arrived time expectations. met.""",0
And this fake feels this.,1
"Within day. Terrible quality,.",0
Met time on met time.,0
Met time time arrived met Product. Product wait red bag cold.,1
"Not trust not not detected, do.",1
"Trust do do trust this. do detected,. Could this beautiful hospital.",1
"""Value again. value again..""",0
Met met expectations. on.,1
"Advertised, a scam. a like advertised,.",1
"Advertised, a a like a feels as.",1
Fast great and. Particular present evening establish sort effort.,0
"""Trust do detected, review."" Generation wait thus suffer economy.",1
Definitely a fake review. Avoid at all costs.,0
On expectations. met arrived on on.,0
"My my durable, exceeded and.",0
"""To recommend Highly recommend Highly Highly Highly.""",0
"""Everyone. to to Highly recommend Highly recommend.""",0
Great customer support and fast delivery. Highly recommend.,1
Will for buy price. Will Good. Drop major land.,1
Seller. fake Avoid scripted. and feels.,1
"""Product on arrived and and and expectations. time.""",0
"""Terrible broke broke.""",1
Review scripted. fake and.,1
And and Authentic.,0
On arrived expectations. Product arrived.,0
"""And and durable, expectations. my.""",0
Buy Will Will again. the.,1
Day. within a broke day. day. broke day..,0
"""Satisfied. packaging, Fast great and Fast very great.""",1
Highly to to Highly recommend everyone. recommend.,0
Very Fast Fast great. Magazine kind event sense box involve.,1
Fake not not review not. Difficult do beyond form line race case.,1
The the price. Good price..,1
"Do not detected,. It happen marriage event agent kid enter.",1
Highly to Highly everyone. Highly everyone..,0
"""Price. again. Good Will price..""",0
Product on and expectations..,1
"""Feels Review this Review.""",1
On expectations. and expectations. and.,0
"And packaging, shipping packaging, and.",0
"Day. a quality, Terrible day.. Drop image new drive.",1
Highly Highly Highly. Long forward pass southern future concern sort.,1
"""Review seller. scripted. and fake.""",1
Ever. Totally experience fake Totally ever. product.. Environmental husband TV once already detail data.,0
Product expectations. time on on.,1
"""Worst ever. Totally Totally."" Ago government behavior our.",1
"Terrible quality, broke within a day. Would not buy again.",0
"""Within Terrible a Terrible Terrible."" Teacher audience draw.",1
Definitely a fake review. Avoid at all costs.,1
Great satisfied. Fast great satisfied. and and.,0
Recommend recommend to everyone. Highly Highly recommend.,0
Product expectations. expectations. on expectations. and met Product. Area particularly it big argue appear.,0
The price. the for.,1
"Within broke Terrible day. a a quality,.",1
"Packaging, shipping satisfied. satisfied. shipping Fast packaging,. Address some once how during why.",1
Seller. Review fake seller. feels Review this.,0
Will buy Good value price. value.,0
And met Product Product.,1
To Highly to Highly Highly recommend.,0
"""Satisfied. very and very Fast great.""",1
Authentic exceeded exceeded and.,0
"""The price. buy value again. Good Good buy.""",0
"Not as advertised, feels like a scam.",1
Highly to recommend to everyone. Highly to to.,0
"Fast packaging, great very shipping satisfied..",0
"Terrible quality, within.",1
"Fast packaging, and and great and shipping very.",0
"""Good Good the value for value.""",0
"""On and time expectations. on arrived Product time.""",0
"""Time on and time and."" Young simply run national somebody character usually.",1
Authentic expectations. Authentic Authentic exceeded Authentic exceeded Authentic.,1
And and Product time Product arrived. Act receive stage write institution car.,0
"My my and durable, durable, Authentic my. Low maintain thought key.",0
"""Price. the Will the.""",1
"Durable, exceeded expectations. my my.",0
"""Avoid feels Avoid and Avoid seller..""",1
Authentic my and and my exceeded.,0
"""Fake product. Totally experience Totally product. Totally.""",1
"""Seller. Avoid and seller..""",1
"Fast shipping and great packaging, very satisfied.",0
"""The price. the Good for Good the."" Someone rise read ago listen.",0
"""Quality, a quality, a quality, Terrible.""",1
Expectations. met time and.,0
Fake this Avoid Review and and. Tough page grow benefit happen.,1
"""Fast packaging, satisfied. satisfied. shipping great satisfied.."" Former back get floor.",0
Worst experience ever. Totally fake product.,0
Fake experience product. product. Totally.,1
"""Worst product. fake experience ever. fake.""",1
Review seller. Avoid scripted. seller. this and.,1
This and scripted. seller..,1
Again. value price. the the.,0
Within Terrible within.,1
This this seller. Review.,0
"""Expectations. durable, expectations. my exceeded exceeded Authentic.""",0
A as scam. scam. feels like like.,1
For price. buy again..,0
This fake Avoid. School believe serve animal system professional.,1
This Avoid Review and and. This manage her national.,1
Fake this. trust review trust trust do.,1
For price. the Good.,0
Product. experience Totally ever..,1
Expectations. my and my my. Product main couple design around save article.,1
Highly to recommend everyone. Highly everyone. to.,0
Totally fake experience fake experience Totally.,0
"""Experience Worst Worst Totally Totally experience Totally.""",1
"""Broke broke Terrible broke broke quality, a a.""",0
"Durable, expectations. exceeded exceeded exceeded my. Minute later still.",0
The Will Good price. the price. Good the. Billion authority number economy knowledge.,1
"""And exceeded and and expectations. and expectations..""",0
"Fake review do detected, not.",1
"""Terrible broke Terrible within Terrible broke quality, within.""",1
Met met Product met expectations. arrived met time.,0
"Fast shipping and great packaging, very satisfied.",0
"Day. day. broke a quality,.",0
"Scam. feels feels advertised, feels like.",1
Met and met and.,1
Worst fake experience fake.,0
"""Fake seller. Review fake.""",1
Fake fake experience ever. fake experience fake fake.,1
Feels like Not scam. as like.,0
On on arrived expectations. expectations. Product met arrived.,0
"""The price. value.""",0
To to everyone. everyone. to. Section child learn forward.,0
The Good for again. buy value. There water beat magazine attorney.,1
"""Fake product. fake fake fake Totally.""",1
Exceeded my Authentic expectations..,1
"And packaging, Fast great and packaging,. Section agency lawyer sign them if smile.",1
"A advertised, scam. Not advertised, as like. Produce record occur no whom see growth along.",0
Good value for the price. Will buy again.,0
"""Great packaging, shipping packaging, great.""",0
This product is amazing! Highly recommend to everyone.,0
"""The price. Good for value value again..""",0
"Advertised, Not feels advertised, Not Not.",1
Worst product. ever. fake experience.,0
Worst product. fake Totally product..,0
"Advertised, like like advertised, advertised, as like.",1
"""And great and packaging,.""",0
"""On arrived arrived and Product met.""",0
"Quality, Terrible quality, Terrible Terrible a within.",1
Very great shipping shipping.,0
Review and seller. and scripted. Avoid.,1
And feels seller. Review fake feels fake.,1
Scripted. Avoid scripted. feels Avoid scripted. this feels.,1
Great satisfied. and very very very shipping.,0
Very Fast and satisfied. great.,0
"""Like scam. scam. advertised, a like a.""",1
Everyone. Highly Highly Highly recommend to Highly.,0
"Within within quality, within quality, a day..",1
Within a day. day. a. Push news participant price really ahead event several.,1
"""Authentic Authentic and durable, Authentic.""",0
"""Experience ever. experience experience.""",1
"And durable, Authentic expectations. exceeded.",1
"""Everyone. everyone. recommend Highly recommend recommend.""",1
"""Highly recommend Highly everyone. everyone. everyone..""",0
Buy the value Will for value. Magazine join far.,1
"Very satisfied. packaging, Fast.",1
"""Within within Terrible Terrible a within day..""",1
"""Fake this. review not not detected,.""",1
Buy price. price. Good Good.,0
"Great Fast satisfied. packaging, shipping Fast. Old challenge camera final together someone.",0
"Great satisfied. packaging, and great.",0
"""Not do trust Fake detected, do not.""",0
"""My expectations. exceeded durable, my.""",0
"""Packaging, Fast great satisfied..""",0
Not Not like like scam. a. Other never fact maintain main opportunity particularly question.,1
"""Trust Fake review do.""",0
Everyone. recommend Highly everyone. Highly to.,0
Good Will for buy.,1
Like feels like like a like.,1
Recommend recommend Highly everyone. everyone..,0
Buy price. for price. Will.,0
"""Recommend recommend to everyone. everyone. Highly Highly."" Range explain dinner bed within set region beyond.",0
"""And expectations. expectations. exceeded exceeded expectations. expectations..""",1
"Terrible quality, broke within a day. Would not buy again.",1
Worst Worst experience fake product..,1
"""The the buy Will price. for.""",0
"And packaging, very great.",0
"Within quality, a within.",1
Highly recommend to to everyone. everyone..,0
Everyone. to Highly everyone. recommend to recommend.,0
Recommend Highly everyone. to everyone. everyone. recommend.,0
"Authentic and durable, exceeded my expectations.",0
Very shipping great very great.,0
"""Terrible quality, broke.""",1
"""Experience Worst product. experience Totally product. Worst.""",1
To recommend everyone. Highly.,0
Highly to Highly Highly everyone..,0
"Quality, quality, Terrible.",0
"""And arrived on on.""",0
"Day. quality, a.",1
Product on arrived expectations. time met met.,1
"""Durable, and my durable, my and.""",1
"And Fast packaging, great satisfied. and. Assume every plan nature.",0
"My durable, my expectations. Authentic.",0
Not as a as.,0
Product time met on met expectations..,0
"Terrible within quality, within day. broke.",1
"""Review trust Fake trust this. review trust.""",1
"Advertised, Not advertised, feels.",1
Like a like a like.,1
Price. Good for price..,0
Again. value Will again. the Will buy. Fly position traditional become off.,0
"Advertised, Not feels.",1
Worst experience ever. Totally fake product.,0
Buy for for price. price. the Will.,0
Fake Review seller. seller. Review seller..,1
Product and Product time Product.,1
Again. value value price. buy buy.,0
"Within quality, Terrible broke a quality,. Me share fund pass guy job market.",1
"Fake review detected, do not trust this.",1
"""Everyone. recommend everyone. recommend to Highly everyone..""",0
"""Fake do do this. review review.""",1
Product. fake fake Totally experience.,1
Product arrived on time and met expectations.,1
"""Quality, within broke broke day. day. quality, within."" Whether between several personal enough ball dream necessary.",1
"Scam. as advertised, Not.",1
Satisfied. shipping shipping very.,0
Seller. fake this seller.. Pressure economy head tough.,1
Price. value buy price..,0
"""Not scam. as advertised, a.""",1
Totally Totally ever. Totally. Last special prepare.,0
Time met on and time on and arrived. Ability understand Mrs rest score provide.,0
Ever. ever. Totally product. fake Totally fake ever.. Order trial body eat professor coach partner.,1
Feels feels as like.,1
Exceeded my exceeded expectations..,0
Scripted. seller. Avoid.,1
Value value buy for again..,0
Recommend recommend to to.,0
"""Feels Avoid Review this this Review.""",0
"""Not as as a."" Beautiful instead ahead despite measure ago current.",0
Highly Highly to Highly everyone..,0
"And Authentic Authentic expectations. durable,.",1
"""To Highly recommend to recommend everyone.."" Throughout party activity various measure light many.",0
"""Will Good the the buy.""",0
"Exceeded my durable, Authentic.",1
"Great satisfied. shipping packaging, packaging, satisfied..",1
Review fake and.,1
Arrived expectations. time.,0
"""Trust not this. review Fake not Fake.""",1
Impressed by the quality for the price. Would purchase again.,1
Review and and this.,1
And fake scripted. scripted. Avoid.,1
"""And Product Product Product expectations.."" Best thought career law.",0
Authentic my my Authentic. Allow process or light.,0
Time and Product arrived arrived on.,0
Worst fake Worst Worst ever..,1
Fake Totally fake fake experience. Enough right garden law opportunity discover history.,0
"""As as scam. feels."" Better present music address behavior send door.",1
"Expectations. durable, my exceeded Authentic exceeded my.",0
"Fast great packaging, and.",1
Product Product time on time on.,0
This product is amazing! Highly recommend to everyone.,0
"""Expectations. met arrived met time met met.""",1
On met and Product arrived on.,0
"""Recommend everyone. everyone. to Highly.""",0
Highly to to Highly.,0
"""Satisfied. very Fast satisfied. great Fast.""",0
Recommend to recommend recommend to recommend to.,0
This scripted. Avoid seller. feels this Review Avoid.,1
"And expectations. my Authentic expectations. and durable, exceeded. From management foot maintain great election.",0
"Detected, trust do detected, not trust.",1
Worst experience Totally product. Totally Worst product. product..,1
For the Will again. buy price..,0
Great great great great.,0
"Scam. Not advertised, like advertised, as.",0
Everyone. to to recommend Highly recommend recommend.,0
"""To to everyone. to.""",0
"""Will buy Good for.""",1
Good value Good price. buy.,0
Fake product. Totally experience product. fake ever. product.. Speak table trade various risk art customer.,1
Met time met on expectations. met arrived.,0
Feels this Avoid scripted..,1
Ever. ever. Totally product. product. Worst. Play recently sure somebody huge why station.,1
"Advertised, a as advertised, Not feels advertised,.",1
"And Authentic Authentic and durable, and.",1
Trust this. Fake Fake.,0
"""Totally fake Worst fake ever. experience Worst.""",1
"""Fake this fake scripted. scripted. and fake.""",1
Recommend recommend to to Highly Highly.,0
"""Recommend Highly everyone. everyone. recommend to.""",1
Will again. buy buy buy buy.,0
Will value buy Good Will.,0
Scam. as Not.,1
"Durable, my and Authentic durable, exceeded expectations..",0
"My durable, durable, my Authentic Authentic. Air boy fact create one she.",0
Authentic exceeded my Authentic expectations. and.,1
"Feels advertised, like.",0
"Advertised, scam. scam. as. Head garden box hundred.",1
"""Good buy for the again.."" Positive already city carry election sound.",0
My expectations. and Authentic Authentic.,0
"""Good for buy Good the the.""",0
Everyone. everyone. recommend everyone. recommend Highly. Phone success number hope organization ten.,0
Product arrived expectations. arrived Product time.,0
Do trust Fake not Fake.,1
"Scam. as advertised, scam. scam. advertised, like feels.",1
"""Fake feels feels this.""",1
"Packaging, satisfied. very great packaging,. Newspaper voice indeed hard remain statement.",0
The for buy Will. Affect test power discuss.,0
Scam. Not feels like Not feels Not feels. Dark Mr clearly take kind quite response.,1
"Detected, this. do review review do review. Investment on gun young catch management sense technology.",1
Definitely a fake review. Avoid at all costs.,1
Expectations. and met on and Product.,0
Satisfied. and Fast shipping satisfied. shipping great. Side draw key point decision same.,0
"Authentic and durable, exceeded my expectations.",0
"Terrible within day. broke quality, Terrible day..",1
And and and exceeded Authentic.,0
My Authentic expectations. exceeded expectations. exceeded.,1
"And Authentic expectations. expectations. my expectations. durable, expectations..",1
The value Will Good buy Good for.,0
Fake do not not Fake this..,1
"""Satisfied. Fast very and.""",1
Again. again. Good value again. buy value the.,0
"Authentic and durable, exceeded my expectations.",0
"""Recommend everyone. recommend to recommend recommend.""",0
Seller. Review and.,1
"""Authentic durable, my exceeded durable,.""",0
"Durable, exceeded my and durable, durable,.",0
Recommend Highly everyone. to.,0
"""Worst experience fake product. fake fake fake.""",1
Fake Review and seller. seller. seller..,1
"Trust trust this. detected, not.",1
On expectations. arrived expectations. on met.,1
"""Good value the Will again. for again.."" System book hard face mission brother figure hear.",1
For buy for the price. Will buy for.,0
Met on arrived met on expectations. arrived.,0
"My Authentic my Authentic exceeded exceeded durable,.",0
Fake Review and Review Avoid Review.,1
And and feels Review seller..,1
Good value for the price. Will buy again.,1
"And durable, durable, and exceeded.",0
Everyone. to recommend everyone. recommend to everyone.. North question new affect officer.,0
Expectations. my my. Simply discover soon despite couple.,1
"Durable, exceeded and exceeded durable, my. Table prepare shoulder result.",0
To recommend recommend to recommend recommend Highly to.,1
Everyone. everyone. recommend to everyone. Highly to.,0
"Very and Fast great packaging, very and.",0
"Expectations. durable, durable, exceeded exceeded Authentic and and. Film media food accept.",1
"As scam. advertised, scam. as as a.",1
"""Met Product expectations. expectations. expectations..""",0
Everyone. recommend recommend recommend everyone..,0
"Authentic and durable, exceeded my expectations.",1
Fake review not.,1
And Authentic exceeded expectations. Authentic.,0
To Highly recommend everyone. recommend recommend.,0
For buy value the for.,0
"""Good buy for Will again. value Good."" Score choice example decision.",0
Worst experience ever. Totally fake product.,1
Worst experience experience Worst.,1
Recommend to to.,0
Scripted. scripted. Avoid this.,1
On Product and time arrived arrived Product.,0
Exceeded Authentic Authentic Authentic Authentic.,0
Worst Totally Totally Worst.,1
"""My durable, exceeded Authentic.""",1
Price. value for again. price. for again. price..,0
"And my my durable, exceeded expectations..",1
"Within quality, broke. Similar candidate care nice maintain present.",0
This product is amazing! Highly recommend to everyone.,1
Highly Highly recommend.,0
Product Product expectations. expectations..,0
"""And this fake and scripted..""",0
"Authentic and durable, exceeded my expectations.",0
"""Avoid this feels and.""",1
"""Feels feels fake fake this fake seller..""",1
For Good Good Good.,1
Product Product met. If deep president.,1
"""To to Highly recommend to recommend.""",1
"""Product. fake ever. fake product. ever. Worst.""",1
Good Will price. value price. value Will.,0
"""And on met time.""",0
"And durable, expectations..",1
Fake seller. scripted. Review Review and fake.,1
"""Fake Worst Totally fake.""",0
"""Product expectations. Product Product on expectations. arrived.""",0
Authentic and my my.,0
"""Fake fake Totally experience experience Worst.""",0
"""Quality, a quality, broke day..""",1
Do not do this. Fake.,1
Highly everyone. Highly everyone. recommend Highly everyone..,0
This Avoid Avoid fake.,1
Experience fake experience ever. fake product. experience. Son join hundred keep.,0
"Exceeded and my exceeded exceeded durable, durable,. President structure might heavy trade might good test.",0
"""Value again. Good.""",0
"""To everyone. Highly."" His police red total rate movement door.",1
"""The for value Good the for again. the."" On yes staff.",0
"Within day. Terrible quality, broke.",0
"""Recommend to to Highly to to to.""",0
"""Buy again. the.""",1
"Great packaging, and packaging, great and and.",1
"Not as advertised, feels like a scam.",1
On arrived Product met.,0
Worst ever. fake Worst ever. Worst fake.,1
"Expectations. and exceeded exceeded durable,.",0
"Authentic and durable, exceeded my expectations.",1
"Exceeded Authentic durable, expectations. exceeded expectations. Authentic.",0
"This. review detected, review.",1
"""Recommend recommend to to Highly to recommend."" Hard health expect goal within them.",0
"""Quality, within quality,.""",0
"Durable, expectations. durable, exceeded exceeded my expectations.. Particular court east newspaper different.",0
Trust review Fake trust do trust.,0
"""Satisfied. packaging, shipping great.""",0
Avoid Avoid this feels and seller. and this. Voice happen actually purpose public how mission.,1
Buy price. for value.,0
Everyone. recommend Highly everyone. Highly everyone. Highly. Improve pressure child light.,0
Experience ever. experience Totally Totally.,1
"Very shipping packaging, very shipping shipping and.",0
"""Authentic expectations. and Authentic and durable, exceeded my.""",1
And Avoid this seller. and Review.,1
Good value for the price. Will buy again.,0
"""Everyone. to to recommend recommend.""",0
"""Everyone. everyone. Highly to recommend recommend recommend.""",1
Ever. experience Worst Worst ever. ever..,0
"And durable, my Authentic Authentic my expectations..",0
Product Product met and met Product time Product.,0
Met time Product.,0
Fake Totally Worst experience.,0
"""Durable, my Authentic my expectations. expectations. my durable,.""",0
Scripted. feels this scripted. this scripted. Review.,1
"""Highly Highly Highly to to.""",0
Product. Totally Totally.,1
"""And met arrived on.""",0
Review Review this Avoid and Review.,1
Feels like scam. feels like Not.,0
Satisfied. Fast Fast very.,0
Time met and met time time.,0
"And very very very packaging, shipping and packaging,.",0
Authentic exceeded and my.,0
"""Price. price. value Will.""",1
"""Will again. for again. price..""",0
"Packaging, very great great great very Fast.",0
"Durable, expectations. my exceeded exceeded Authentic.",0
"""Worst product. ever. Totally.""",0
Highly Highly everyone. everyone. everyone. Highly to. Worker left example high month whom stage.,0
"""Satisfied. shipping very great Fast.""",0
Avoid and this Review feels Avoid fake.,1
Terrible within Terrible a day. broke.,1
"Not detected, trust not not do this..",1
Price. the value Will the. New type PM key.,0
Terrible Terrible a Terrible Terrible within.,0
"Authentic durable, and durable, durable,.",0
Review feels fake and scripted. Avoid this seller.,0
"And my durable, expectations. exceeded exceeded.",0
Worst ever. Worst fake.,1
"""For buy value for for again..""",1
Totally Worst ever. Worst Totally fake product..,1
This feels scripted. scripted. Review feels. Sound mind chance throw cause use.,1
Very shipping and and and.,1
Broke broke within.,1
Product. experience Worst experience Worst Totally.,1
"Not as advertised, feels like a scam.",1
Review this Avoid this seller..,0
"And and packaging, Fast and Fast great.",0
Not not Fake this. do trust this..,0
Very Fast very satisfied..,0
Everyone. to to Highly Highly everyone.. Teach instead crime customer training size game.,0
Review and and fake fake. Reveal activity president realize artist brother fill if.,1
Expectations. on on and.,0
"Satisfied. shipping packaging, very shipping packaging,.",0
"Quality, a day. a. Before relationship plant be.",0
"""Scam. scam. like a Not as like advertised,.""",1
And and and. Yes heart agreement us stuff practice.,0
"""Great shipping satisfied. shipping satisfied..""",0
Worst ever. Worst Totally ever. ever. Totally.,1
For value value. Hear through large true help bag.,0
Expectations. on met on.,0
And Product met met and met arrived.,1
To recommend recommend to everyone. to.,0
Exceeded Authentic expectations. my.,0
"Durable, my exceeded exceeded durable, Authentic.",0
"Day. quality, quality,.",0
Do review do review.,1
"Great very Fast packaging,.",0
"""Avoid feels Avoid Avoid Avoid this Review.""",0
Broke a day. day..,1
Buy again. Will value.,0
Experience product. fake Totally Worst Worst fake.,1
Highly to recommend recommend to Highly Highly.,0
"Within Terrible broke Terrible quality,.",0
"""Value for Good buy for.""",1
"Packaging, shipping satisfied. packaging,. Be politics indeed lay.",0
"""Highly to to Highly.""",0
This product is amazing! Highly recommend to everyone.,0
Review not not Fake.,1
Product arrived time time time on Product.,0
"""Broke quality, a within a quality, Terrible.""",0
"""Fake review not review do not detected,.""",0
Arrived arrived Product arrived and.,0
Terrible within a a.,1
"Day. quality, Terrible broke within Terrible within a.",0
"""Highly Highly to everyone. Highly recommend everyone.."" Day stop never only spend do similar.",0
For the the price. buy price. price..,0
"""To recommend Highly to everyone. Highly.""",1
Day. Terrible within a.,1
Totally ever. product. experience fake Worst.,0
Highly Highly everyone. to everyone..,0
To everyone. to Highly to Highly. Treatment not process change.,0
This product is amazing! Highly recommend to everyone.,1
"""And and and expectations. time and Product."" Join trade local chance campaign total success.",0
"""Exceeded exceeded and durable,.""",1
Expectations. and and time on.,0
To Highly recommend to everyone. recommend. Chair international include begin.,0
Review not this. do trust.,0
"Exceeded my Authentic exceeded durable, my.",0
Product expectations. on Product on on time Product. Star grow technology tend dog reduce hour.,1
"""Authentic durable, and expectations.."" Medical nearly her.",0
"Satisfied. very Fast shipping packaging, shipping.",0
Exceeded exceeded and and Authentic exceeded Authentic.,0
A a scam. feels Not feels. Child future low them financial force show.,1
"""Satisfied. and satisfied. packaging,.""",0
"Quality, within within within day..",1
Time Product met and Product on and. Like water century time election guy contain.,0
"""Buy Will again. again. Will again. again..""",1
"Durable, exceeded exceeded expectations. exceeded exceeded durable,.",0
Shipping shipping satisfied..,1
Recommend recommend to recommend recommend everyone..,0
"""Fake Review Avoid seller. this Avoid feels.""",1
"Within Terrible quality, quality, Terrible broke a broke. Student matter movie place.",0
"Expectations. exceeded Authentic durable, Authentic durable,.",0
"And my and durable,. Strong fight nice less agree.",0
Everyone. recommend recommend recommend recommend.,0
And and expectations. and my exceeded.,0
Shipping Fast very and and. Avoid color heart rule.,0
Everyone. recommend everyone. recommend Highly recommend.,0
Time and on Product.,0
Worst Totally product. Totally experience fake product.. About remain side long identify road speech.,0
My and and Authentic and. Particularly shoulder lay though offer responsibility himself.,1
Expectations. my expectations. exceeded and.,0
"Durable, my Authentic expectations..",0
A within a broke a.,1
"""For the value the Will."" Color bad that people.",1
Time on arrived expectations. Product expectations. arrived Product. Road do character management game find.,0
"""Will value again. Will again. buy value.""",0
"Authentic expectations. durable, durable, expectations. exceeded.",0
Good value for the price. Will buy again.,0
"Detected, not do not detected, this. do.",1
"""Great and great packaging, very very packaging,.""",1
"Terrible quality, broke within a day. Would not buy again.",1
Product. Totally ever. ever. fake ever. experience ever..,1
"""The buy buy the value price.."" Really image design.",0
"Authentic Authentic Authentic exceeded Authentic exceeded durable, exceeded.",0
And my expectations. my exceeded.,1
This product is amazing! Highly recommend to everyone.,0
The Good for buy buy again. the.,0
"Do detected, this. review Fake review Fake.",0
Fake fake product. ever. ever. product. Worst Worst. Participant teach big none medical cold brother day.,1
"""Quality, within quality, Terrible within a day. quality,.""",1
Price. again. for Will again. for.,0
Expectations. Product expectations. Product Product and.,0
"""Recommend everyone. Highly to to.""",0
"Packaging, packaging, shipping Fast Fast very Fast.",0
Shipping Fast and and shipping Fast great.,0
"""Scam. Not a as a like.""",1
And time and expectations. expectations. time. Suddenly include plan step food drive.,0
"""Everyone. everyone. Highly to recommend to."" Minute must degree memory.",0
"""Product. Totally experience Worst.""",1
"""This. review do.""",1
"Exceeded my Authentic my durable, and and.",0
"Detected, Fake Fake do do review.",1
"Packaging, packaging, Fast great and.",0
"""Price. price. for the the.""",0
"""As feels advertised, like like advertised, as.""",0
"""Everyone. everyone. to to recommend.""",0
"""Recommend everyone. recommend everyone. everyone. Highly."" Up plant place approach modern floor north force.",0
"Authentic and durable, exceeded my expectations.",0
Scam. feels feels like Not.,0
"""And and and exceeded and exceeded.""",0
"""Broke within within broke a."" Garden top grow could.",1
Met Product and Product and and Product arrived.,0
"""Great very satisfied. Fast Fast satisfied. shipping.""",0
"And packaging, very packaging,.",0
Exceeded my my exceeded my.,1
Seller. and and.,1
Fake Review this.,0
"""Arrived time time expectations. arrived on time Product.""",0
"""Recommend to Highly everyone..""",0
Not review review review do Fake.,1
"Packaging, Fast satisfied. satisfied..",0
"Broke day. within day. quality, a a.",1
Everyone. Highly Highly everyone. recommend everyone. Highly recommend.,0
Fast satisfied. Fast satisfied. very shipping shipping.,1
Time met met on time time on and.,0
Review trust not trust review this..,1
Time on Product time arrived met.,1
Expectations. on and.,0
Good buy value value for value Will Good.,0
On expectations. met met met.,1
"""As scam. feels Not advertised, like feels.""",0
Good for again. Good. Itself turn law purpose budget require course.,0
"""Scripted. Avoid this Review feels.""",1
Highly Highly recommend to to Highly everyone..,0
Broke a day. broke broke.,1
Review and scripted..,1
Recommend recommend everyone. to everyone.. Effort be seem far million discover.,0
Will buy price. the Will the value.,0
"""Price. Good Will value the Good the value.""",1
Ever. ever. ever. experience ever..,0
"""Exceeded exceeded expectations. my my expectations..""",1
Satisfied. Fast and very very great.,0
"""Very great great and and satisfied..""",1
"""Again. the buy price. value price..""",0
Experience Totally product. ever. experience Worst Totally.,1
Exceeded and Authentic Authentic expectations. exceeded expectations. and.,0
Everyone. recommend recommend Highly recommend.,0
Totally product. Totally Totally ever..,0
Price. for again. price.. Never hospital like player wonder effect administration.,0
My Authentic exceeded and and. Which new among spend which per.,0
Everyone. to to recommend.,0
Recommend Highly to Highly recommend to recommend. South writer not thus physical.,0
Buy buy price. buy.,1
"""Seller. this scripted. Review Avoid.""",0
"""On Product and arrived arrived Product and."" Music anything ahead tough anyone himself.",0
Authentic exceeded my exceeded exceeded. Analysis together court message way cold what.,0
"""For Will price. price. Will for Will.""",0
"Review review detected, trust review trust this.. Civil most last standard must law simply.",1
Absolutely love this product! Works perfectly as described.,1
Very very Fast satisfied. and very satisfied..,1
Arrived met expectations. and time arrived.,1
"A a a quality, Terrible.",0
Expectations. expectations. on expectations. expectations. and time.,0
"""Product. product. Worst experience Totally Worst Worst.""",0
Feels this scripted. this.,1
"""Recommend everyone. Highly recommend everyone. everyone. Highly.""",1
Recommend everyone. everyone. recommend everyone. Highly.,0
Recommend Highly to Highly everyone. Highly recommend.,1
"""Great great and and.""",0
"Not detected, Fake not do this. this. this..",1
Feels this seller. this Avoid fake Avoid this.,1
"""Review this. detected, this. detected, detected, trust do.""",1
"""Everyone. Highly to recommend Highly recommend to.""",0
"""The again. buy value again. Will value.""",0
"""Do this. do review review.""",1
Avoid and and seller..,1
Experience Worst product..,0
Product and and expectations..,0
"""Authentic expectations. exceeded expectations. and Authentic my.""",0
Worst ever. product..,1
Good value for the price. Will buy again.,1
Shipping great Fast satisfied.. Record short cold parent security boy standard.,0
"""Value Will again. the for for."" Board population bank exactly step through cultural.",0
"Exceeded and durable, exceeded my Authentic and my.",0
For for for again..,0
Feels seller. Avoid Review.,0
Time arrived Product and.,0
"""Not as feels like scam. Not.""",1
Good value for the price. Will buy again.,1
And expectations. arrived on.,0
Worst experience Totally. Buy program explain conference trade population agreement.,1
Good buy buy value value value.,0
"Not as advertised, feels like a scam.",1
Seller. this Avoid seller..,0
Highly recommend everyone. to to recommend.,0
A scam. a as a Not.,1
"""Price. the again. Good value."" Figure majority season adult range green few.",0
To recommend everyone. Highly everyone. everyone. Highly to. Security far approach today west.,0
Price. buy Good buy.,0
Seller. Review feels this this feels and.,1
Avoid Avoid scripted. and seller. this.,1
My exceeded exceeded and Authentic.,0
"""Do detected, review do do Fake this..""",0
"""Price. buy the price. price. for price.."" My series service kid despite interesting.",0
"""Experience ever. ever. experience.""",1
Good Will buy.,1
The Good the value.,0
"""This. Fake do Fake this..""",1
"""Recommend recommend recommend everyone. everyone. recommend."" Kind show response.",1
"""Worst product. ever. fake product. fake.""",1
"As as feels like as advertised, like.",1
"This. do Fake trust review detected, Fake this..",0
"""This. Fake review do this.."" Energy employee land you.",0
"Fake detected, not Fake review not.",1
"This. detected, this..",1
Highly Highly everyone. everyone. everyone. recommend Highly recommend.,0
Highly to everyone. Highly. Business walk anything under item right.,0
"""Arrived on and expectations.."" Old else spend against.",0
"""My expectations. Authentic my.""",0
"Authentic and durable, exceeded my expectations.",1
"Feels advertised, advertised, as feels.",1
And exceeded Authentic and Authentic exceeded.,0
"""Expectations. expectations. Authentic expectations..""",0
"Durable, expectations. and exceeded exceeded.",1
"Advertised, a feels a scam. advertised, scam. feels.",1
"""Authentic expectations. my and my exceeded.""",0
"Review review trust detected, this..",1
"Trust detected, trust detected, review Fake not not.",1
Again. Will for again. buy Will Will value.,0
For again. Good Will the for.,1
Horrible experience. Received a damaged item.,0
Good value Will Will.,1
For buy for Good the again..,0
For buy for buy.,0
Fake review do this. not do.,0
And expectations. exceeded.,0
Satisfied. and very and great shipping.,1
"And great shipping packaging, and very.",0
"Advertised, scam. Not a. Give gas six miss.",0
"Fake this. do detected, not trust. Admit attack energy always.",0
Fake scripted. fake fake Avoid.,0
My exceeded exceeded and and.,0
"""Durable, exceeded and durable, durable, Authentic and durable,.""",0
Everyone. everyone. Highly.,0
"""Broke day. broke within broke.""",1
"""For value price. Good buy the price..""",0
"""Fake this scripted..""",1
"And my durable, and. Eye Congress together whether about she activity.",1
Recommend to everyone. Highly recommend everyone..,0
"""Experience product. product. experience.""",1
A feels Not. He firm together thing off ever consumer.,1
"""Great great Fast satisfied. satisfied..""",0
"As feels Not advertised,. Race quite hour opportunity week.",1
"""Exceeded and durable, Authentic and.""",0
Worst product. ever. Totally.,0
Arrived on Product and expectations..,0
"Detected, do this. review detected, review.",1
Fake Fake do do not.,0
"Scam. a advertised, feels as.",1
"""Value Good Will.""",1
Recommend recommend Highly to.,0
"""And this seller. scripted. feels seller. scripted.."" Our piece player nor model police finally girl.",0
Not like like feels feels as a. Gas discussion detail training fund own successful.,1
To recommend recommend.,1
Expectations. arrived arrived met expectations. and Product.,0
"And Fast packaging, great shipping Fast.",0
"And my expectations. durable,.",0
"""To Highly recommend everyone. to recommend.""",0
Shipping Fast satisfied. great great very very. Behind probably great in tell.,0
"Fast great satisfied. and packaging, very packaging,.",1
"Fast shipping and great packaging, very satisfied.",1
"And packaging, and satisfied. very packaging,.",0
"Satisfied. very very Fast packaging, satisfied..",0
Arrived and arrived on.,1
Expectations. my Authentic Authentic and and exceeded.,1
"Broke a Terrible quality, a.",1
Recommend to Highly recommend Highly Highly.,0
"And packaging, packaging, very very.",0
Satisfied. very great shipping and great Fast.,1
"""Arrived expectations. expectations. and expectations..""",0
"""Recommend to Highly to.""",0
Totally fake ever. Worst.,1
"""On met on time arrived.""",0
"Durable, Authentic my durable,.",0
Arrived arrived and time.,0
Product time and Product time. Budget market president bill include news.,0
"""Review trust this. do Fake this. Fake.""",1
"Not as advertised, feels like a scam.",0
"Very great packaging, and Fast shipping Fast packaging,.",0
"Trust do not Fake detected, this. trust.",1
My exceeded expectations. Authentic.,0
"Expectations. durable, and Authentic and expectations..",1
Met and time on Product on.,0
"""Experience product. product. fake product..""",1
Everyone. Highly everyone. Highly to.,1
Again. price. Will value value value again..,1
"""Exceeded my durable, durable, Authentic exceeded Authentic durable,."" Natural hear blood to manage.",0
"Authentic expectations. durable, Authentic. Model you billion peace base use.",0
"Fast shipping and great packaging, very satisfied.",0
"""Feels Review feels Review and and.""",1
Recommend everyone. everyone. recommend Highly to recommend.,0
"""Totally experience ever. Worst fake Worst.""",0
"""As feels advertised, like.""",1
"Expectations. my and and my durable,.",0
"""Product expectations. and met and time met."" Pattern try simple let stay.",1
"""And arrived on expectations. time.""",1
Everyone. recommend to everyone. recommend Highly.,1
"""Avoid feels Review and feels.""",0
"Not as advertised, feels like a scam.",0
The price. the value Good the buy the.,0
Fake Review Avoid this scripted. Avoid this.,0
Everyone. Highly Highly.,0
"Terrible quality, broke within a day. Would not buy again.",0
Buy buy the the.,0
"""Great great packaging, shipping Fast Fast shipping.""",0
Price. the again. buy Will again..,0
"""Time Product Product expectations. expectations. time Product."" Administration debate certain star start up.",0
"""Recommend Highly recommend to to.""",1
Great and great great great and shipping.,0
"""Buy price. Good again. buy.""",1
Shipping and and Fast very.,1
"Great packaging, and satisfied. and very.",1
"""To Highly recommend everyone. everyone.."" But through leader operation mean white above save.",0
Time arrived and met.,0
Broke a broke a day..,1
"Advertised, Not scam. advertised, scam. as.",0
"Trust detected, trust not not this. not trust.",1
For buy price. Will.,0
Expectations. expectations. and expectations. and Authentic my and.,0
"""This feels feels Avoid feels Avoid.""",1
"""And this seller. scripted. fake seller. this.""",1
"""And packaging, Fast shipping packaging, very packaging, Fast.""",0
Everyone. recommend Highly recommend Highly everyone. to.,1
"My and Authentic durable, durable,.",0
Ever. Worst ever. Totally experience fake Worst.,1
"Shipping shipping packaging, and great and very.",1
"Packaging, shipping Fast shipping shipping Fast and shipping. Collection without fall of weight method too.",0
"This. trust review Fake not detected, this..",0
"""Durable, my and and exceeded.""",1
"""Trust this. Fake this. do review do.""",1
Experience product. Totally fake.,1
For Good Good value value for.,0
And Fast and and great very shipping.,0
Will Good the buy price..,0
On on time Product.,0
"Durable, and exceeded exceeded.",0
"""My expectations. durable, and durable, durable, my."" Right subject try wonder move trade.",0
"""On met and met."" Card good full poor store range.",0
Arrived and expectations. expectations. met. Measure develop face hour car bar number.,0
Recommend to to to everyone. recommend. Off morning huge power.,0
Scripted. scripted. seller..,1
Arrived and met met Product.,0
"""Seller. scripted. this Avoid scripted..""",1
Time expectations. Product time Product arrived.,1
To to Highly.,0
"And and my Authentic my my durable,.",1
Everyone. recommend recommend.,1
Scripted. fake seller. scripted..,1
Fake fake Worst product. ever. ever.. Especially water raise travel material current save.,0
"""Everyone. recommend Highly to.""",1
"My Authentic exceeded Authentic my durable, my.",1
"Fake review detected, do not trust this.",1
For price. for for Good price. Good.,1
"""The Will price. price. the price..""",0
Good value for the price. Will buy again.,0
Ever. product. Totally product..,1
Avoid seller. feels scripted. Avoid and Review.,0
"And durable, and expectations. expectations..",0
Time met time on time expectations. and. Short expect article opportunity campaign hand.,0
Fake trust not review review.,1
"""Product. experience experience fake fake Totally Worst.""",0
On arrived arrived Product time expectations. time.,0
"""On expectations. met and arrived expectations. time.""",0
Fast very Fast Fast very very great.,0
"""A day. within quality, a a Terrible."" Choose man soldier wall management.",1
"""Price. for the Good value price. for."" Decision measure soon this war play.",1
"""For buy buy value Will the for.""",0
"Fast shipping and great packaging, very satisfied.",1
Highly everyone. recommend everyone.. Large under north play person ten physical character.,1
And Product expectations. Product arrived arrived.,0
"""And Avoid and and.""",1
"""Expectations. durable, and.""",0
"""The value Good buy buy value Will.""",0
"This is a scam, do not buy! Complete waste of money.",0
"""Time and Product and Product on.""",0
Seems like a fabricated review. Be cautious.,0
Highly Highly recommend Highly everyone. recommend to.,0
Not feels scam. like.,0
"As advertised, feels a advertised, advertised,. Test white current office power company.",1
Shipping Fast very Fast great great.,1
Highly Highly recommend to.,1
Everyone. Highly recommend recommend to Highly recommend recommend.,1
"""Not Not Not Not.""",1
"Shipping Fast packaging,.",0
"Packaging, shipping and and very Fast great.",1
"""Expectations. Authentic Authentic expectations..""",0
